{"cameraMode":{"drawMode":0,"name":"Shaded","section":"Shading Mode"},"sceneLighting":true,"audioPlay":false,"sceneViewState":{"m_AlwaysRefresh":false,"showFog":true,"showSkybox":true,"showFlares":true,"showImageEffects":true,"showParticleSystems":true,"showVisualEffectGraphs":true,"m_FxEnabled":true},"in2DMode":false,"pivot":{"x":-264.65740966796877,"y":2.0248262882232668,"z":162.4893798828125},"rotation":{"x":0.04138529300689697,"y":-0.005994786508381367,"z":0.00024829022004269063,"w":0.9991256594657898},"size":82.10028839111328,"orthographic":false}