{"cameraMode":{"drawMode":0,"name":"Shaded","section":"Shading Mode"},"sceneLighting":true,"audioPlay":false,"sceneViewState":{"m_AlwaysRefresh":false,"showFog":true,"showSkybox":true,"showFlares":true,"showImageEffects":true,"showParticleSystems":true,"showVisualEffectGraphs":true,"m_FxEnabled":true},"in2DMode":false,"pivot":{"x":-266.4429931640625,"y":4.443400859832764,"z":29.722251892089845},"rotation":{"x":0.1716427505016327,"y":0.005910963285714388,"z":-0.0010301581351086498,"w":0.9851425290107727},"size":18.230375289916993,"orthographic":false}